"ID","sex","origin","2011_04","2011_05","2011_08","2011_09","2011_11","2012_02","2012_05","2013_01","2013_07","2014_06","2015_03","2016_03","2016_08","2017_03","2017_08","2018_02","2018_08","2019_09","2021_02","2021_06"
"2011_069","female","T",1,0,0,0,0,0,0,0,0,0,0,0,0,0,0,0,0,0,0,0
"2011_070","male","T",1,0,0,0,0,0,0,0,0,0,0,0,0,0,0,0,0,0,0,0
"2011_071","female","T",1,0,0,0,0,0,0,0,0,0,0,0,0,0,0,0,0,0,0,0
"2011_058","female","T",1,0,1,1,0,0,0,0,0,0,0,0,0,0,0,0,0,0,0,0
"2011_072","female","T",1,0,0,0,0,0,0,0,0,0,0,0,0,0,0,0,0,0,0,0
"2011_073","female","T",1,0,0,0,0,0,0,0,0,0,0,0,0,0,0,0,0,0,0,0
"2011_074","female","T",1,0,0,0,0,0,0,0,0,0,0,0,0,0,0,0,0,0,0,0
"2011_075","female","T",1,0,0,0,0,0,0,0,0,0,0,0,0,0,0,0,0,0,0,0
"2011_076","male","T",1,0,0,0,0,0,0,0,0,0,0,0,0,0,0,0,0,0,0,0
"2011_077","male","T",1,0,0,0,0,0,0,0,0,0,0,0,0,0,0,0,0,0,0,0
"2011_055","male","T",1,1,0,0,1,0,0,0,1,0,0,0,0,0,0,0,0,0,0,0
"2011_078","male","T",1,0,0,0,0,0,0,0,0,0,0,0,0,0,0,0,0,0,0,0
"2011_079","male","T",1,0,0,0,0,0,0,0,0,0,0,0,0,0,0,0,0,0,0,0
"2011_080","male","T",1,0,0,0,0,0,0,0,0,0,0,0,0,0,0,0,0,0,0,0
"2011_059","male","T",1,0,1,0,0,0,0,0,1,0,0,0,0,0,0,0,0,0,0,0
"2011_081","male","T",1,0,0,0,0,0,0,0,0,0,0,0,0,0,0,0,0,0,0,0
"2011_082","male","T",1,0,0,0,0,0,0,0,0,0,0,0,0,0,0,0,0,0,0,0
"2011_083","male","T",1,0,0,0,0,0,0,0,0,1,0,0,1,0,0,0,0,0,0,0
"2011_084","male","T",1,0,0,0,0,0,0,0,0,0,0,0,0,0,0,0,0,0,0,0
"2011_067","female","T",1,0,0,0,1,1,0,0,0,0,0,0,0,0,0,0,0,0,0,0
"2011_045","female","T",1,0,0,0,0,0,0,1,0,0,1,0,0,0,0,0,0,0,0,0
"2011_046","female","T",1,1,0,1,0,1,0,0,0,0,0,0,0,0,0,0,0,0,0,0
"2011_047","female","T",1,0,0,0,0,0,0,0,0,0,0,0,0,0,0,0,0,0,0,0
"2011_048","female","T",1,0,0,0,0,0,0,0,0,0,0,0,0,0,0,0,0,0,0,0
"2011_049","male","T",1,0,0,0,0,0,0,0,0,0,0,0,0,0,0,0,0,0,0,0
"2011_050","female","T",1,0,0,0,0,0,0,0,0,0,0,0,0,0,0,0,0,0,0,0
"2011_051","female","T",1,1,1,1,0,1,0,0,0,0,0,0,0,0,0,0,0,0,0,0
"2011_052","female","T",1,0,0,0,0,0,0,0,0,0,0,0,0,0,0,0,0,0,0,0
"2011_053","male","T",1,0,0,0,0,0,0,0,0,0,0,0,0,0,0,0,0,0,0,0
"2011_054","male","T",1,0,0,1,0,0,0,0,0,0,0,0,0,0,0,0,0,0,0,0
"2011_001","female","T",1,0,0,0,0,0,0,0,0,0,0,0,0,0,0,0,0,0,0,0
"2011_002","female","T",1,0,0,0,0,0,0,0,1,0,0,0,0,0,0,0,0,0,0,0
"2011_003","female","T",1,0,0,0,0,0,0,0,0,0,0,0,0,0,0,0,0,0,0,0
"2011_004","male","T",1,0,0,0,0,0,0,0,0,0,0,0,0,0,0,0,0,0,0,0
"2011_005","female","T",1,1,0,0,0,0,0,0,0,0,0,0,0,0,0,0,0,0,0,0
"2011_006","male","T",1,0,0,0,0,0,0,0,0,0,0,0,0,0,0,0,0,0,0,0
"2011_007","male","T",1,0,0,0,0,0,0,0,0,0,0,0,0,0,0,0,0,0,0,0
"2011_008","male","T",1,0,1,0,0,1,0,0,0,0,0,0,0,0,0,0,0,0,0,0
"2011_009","female","T",1,0,0,0,0,0,0,0,0,0,0,0,0,0,0,0,0,0,0,0
"2011_010","female","T",1,0,0,0,0,0,0,0,0,0,0,0,0,0,0,0,0,0,0,0
"2011_011","female","T",1,1,0,0,0,0,0,0,0,0,0,0,0,0,0,0,0,0,0,0
"2011_012","female","T",1,0,0,0,0,0,0,0,0,0,0,0,0,0,0,0,0,0,0,0
"2011_013","female","T",1,0,0,0,0,0,0,0,0,0,0,0,0,0,0,0,0,0,0,0
"2011_014","male","T",1,0,0,0,0,0,0,0,0,0,0,0,0,0,0,0,0,0,0,0
"2011_015","female","T",1,0,0,0,0,0,0,0,0,0,0,0,0,0,0,0,0,0,0,0
"2011_016","male","T",1,0,0,0,0,0,0,0,0,0,0,0,0,0,0,0,0,0,0,0
"2011_017","female","T",1,0,0,0,0,0,0,0,0,0,0,0,0,0,0,0,0,0,0,0
"2011_018","female","T",1,0,0,0,0,0,0,0,0,0,0,0,0,0,0,0,0,0,0,0
"2011_019","male","T",1,0,0,0,0,0,0,0,0,0,0,0,0,0,0,0,0,0,0,0
"2011_020","female","T",1,0,0,0,0,0,0,0,0,0,0,0,0,0,0,0,0,0,0,0
"2011_021","male","T",1,0,1,0,0,0,0,0,0,0,1,0,0,0,0,0,0,0,0,0
"2011_022","female","T",1,0,0,0,0,0,0,0,0,0,0,0,0,0,0,0,0,0,0,0
"2011_023","male","T",1,0,0,0,0,0,0,0,0,0,0,0,0,0,0,0,0,0,0,0
"2011_024","female","T",1,0,0,0,0,0,0,0,0,0,0,0,0,0,0,0,0,0,0,0
"2011_025","female","T",1,0,0,0,0,0,0,0,0,0,0,0,0,0,0,0,0,0,0,0
"2011_026","male","T",1,0,0,0,0,0,0,0,0,0,0,0,0,0,0,0,0,0,0,0
"2011_027","female","T",1,0,0,0,0,0,0,0,0,0,0,0,0,0,0,0,0,0,0,0
"2011_028","female","T",1,0,0,0,0,1,0,0,0,0,0,0,0,0,0,0,0,0,0,0
"2011_029","female","T",1,0,1,0,0,0,0,0,0,0,0,0,0,0,0,0,0,0,0,0
"2011_030","male","T",1,0,0,0,0,0,0,0,0,0,0,0,0,0,0,0,0,0,0,0
"2011_031","female","T",1,0,0,0,0,0,0,0,0,0,0,0,0,0,0,0,0,0,0,0
"2011_038","female","T",1,0,1,0,0,0,0,0,0,0,0,1,0,0,0,1,0,0,0,0
"2011_063","male","W",0,0,0,0,1,0,0,0,0,0,0,0,0,0,0,0,0,0,0,0
"2011_064","female","W",0,0,0,0,1,0,0,0,0,0,0,0,0,0,0,0,0,0,0,0
"2011_065","female","W",0,0,0,0,1,0,0,0,0,0,0,0,0,0,0,0,0,0,0,0
"2011_066","male","W",0,0,0,0,1,0,0,0,0,0,0,0,0,0,0,0,0,0,0,0
"2011_068","female","W",0,0,0,0,1,0,0,0,0,1,0,0,0,0,0,0,0,0,0,0
"2012_003","female","W",0,0,0,0,0,0,1,0,0,0,0,0,0,0,0,0,0,0,0,0
"2012_005","female","W",0,0,0,0,0,0,1,0,1,0,0,0,0,0,0,0,0,0,0,0
"2012_006","male","W",0,0,0,0,0,0,1,0,0,0,0,0,0,0,0,0,0,0,0,0
"2012_008","male","W",0,0,0,0,0,0,1,0,0,0,0,0,0,0,0,0,0,0,0,0
"2013_001","female","W",0,0,0,0,0,0,0,1,0,0,0,0,0,0,0,0,0,0,0,0
"2013_002","female","W",0,0,0,0,0,0,0,1,0,0,0,0,0,0,0,0,0,0,0,0
"2013_003","male","W",0,0,0,0,0,0,0,1,1,0,0,0,1,0,0,0,1,0,0,0
"2013_004","female","W",0,0,0,0,0,0,0,0,1,0,0,0,0,0,0,0,0,0,0,0
"2013_006","female","W",0,0,0,0,0,0,0,0,1,0,1,0,0,0,0,0,0,0,0,0
"2013_007","female","W",0,0,0,0,0,0,0,0,1,0,0,0,0,0,0,0,0,0,0,0
"2013_008","female","W",0,0,0,0,0,0,0,0,1,0,0,0,0,0,0,0,0,0,0,0
"2013_009","male","W",0,0,0,0,0,0,0,0,1,0,0,0,0,0,0,0,0,0,0,0
"2013_010","male","W",0,0,0,0,0,0,0,0,1,0,0,0,0,0,0,0,0,0,0,0
"2013_011","female","W",0,0,0,0,0,0,0,0,1,1,0,0,0,0,0,0,0,0,0,0
"2013_012","female","W",0,0,0,0,0,0,0,0,1,0,0,0,0,0,0,0,0,0,0,0
"2012_002","female","W",0,0,0,0,0,0,0,0,1,0,0,0,0,0,0,0,0,0,0,0
"2013_013","male","W",0,0,0,0,0,0,0,0,1,0,0,0,1,1,0,0,0,0,0,0
"2013_014","female","W",0,0,0,0,0,0,0,0,1,0,0,1,0,0,0,0,0,0,0,0
"2014_002","male","W",0,0,0,0,0,0,0,0,0,1,0,1,1,0,1,0,0,0,0,0
"2014_003","female","W",0,0,0,0,0,0,0,0,0,1,0,0,0,0,0,0,0,0,0,0
"2014_005","female","W",0,0,0,0,0,0,0,0,0,1,0,0,0,0,0,0,0,0,0,0
"2014_006","female","W",0,0,0,0,0,0,0,0,0,1,0,0,0,0,0,0,0,0,0,0
"2014_007","male","W",0,0,0,0,0,0,0,0,0,1,0,0,0,0,0,0,0,0,0,0
"2014_009","female","W",0,0,0,0,0,0,0,0,0,1,0,0,0,0,0,0,0,0,0,0
"2014_010","female","W",0,0,0,0,0,0,0,0,0,1,0,0,0,0,0,0,0,0,0,0
"2014_011","female","W",0,0,0,0,0,0,0,0,0,1,0,0,0,0,0,0,1,1,0,0
"2014_012","female","W",0,0,0,0,0,0,0,0,0,1,0,0,0,0,0,0,0,0,0,0
"2014_013","male","W",0,0,0,0,0,0,0,0,0,1,0,0,0,0,0,0,0,0,0,0
"2015_001","female","W",0,0,0,0,0,0,0,0,0,0,1,1,0,0,0,0,0,0,0,0
"2015_003","female","W",0,0,0,0,0,0,0,0,0,0,1,0,1,0,0,0,0,0,0,0
"2015_004","female","W",0,0,0,0,0,0,0,0,0,0,1,0,0,0,0,0,0,0,0,0
"2015_005","female","W",0,0,0,0,0,0,0,0,0,0,1,0,0,0,0,0,0,0,0,0
"2015_006","female","W",0,0,0,0,0,0,0,0,0,0,1,0,1,0,0,0,0,0,0,0
"2015_007","female","W",0,0,0,0,0,0,0,0,0,0,1,0,0,0,0,0,0,0,0,0
"2015_008","female","W",0,0,0,0,0,0,0,0,0,0,1,0,0,0,0,0,0,0,0,0
"2016_001","male","W",0,0,0,0,0,0,0,0,0,0,0,1,0,0,0,0,0,0,0,0
"2016_005","male","W",0,0,0,0,0,0,0,0,0,0,0,1,0,1,0,0,0,0,0,0
"2016_006","female","W",0,0,0,0,0,0,0,0,0,0,0,1,0,0,0,0,0,0,0,0
"2016_007","male","W",0,0,0,0,0,0,0,0,0,0,0,1,0,0,0,0,0,0,0,0
"2016_008","male","W",0,0,0,0,0,0,0,0,0,0,0,1,0,0,0,0,0,0,0,0
"2016_010","female","W",0,0,0,0,0,0,0,0,0,0,0,1,1,1,1,0,0,0,0,0
"2016_011","male","W",0,0,0,0,0,0,0,0,0,0,0,1,1,0,0,0,0,0,0,0
"2016_012","male","W",0,0,0,0,0,0,0,0,0,0,0,1,0,0,0,0,0,0,0,0
"2016_013","male","W",0,0,0,0,0,0,0,0,0,0,0,1,1,1,0,0,0,0,0,0
"2016_014","female","W",0,0,0,0,0,0,0,0,0,0,0,1,0,1,0,0,0,0,0,0
"2016_015","male","W",0,0,0,0,0,0,0,0,0,0,0,1,0,0,0,0,0,0,0,0
"2016_016","female","W",0,0,0,0,0,0,0,0,0,0,0,1,1,0,0,0,0,0,0,0
"2016_018","female","W",0,0,0,0,0,0,0,0,0,0,0,1,0,0,0,0,0,0,0,0
"2016_019","male","W",0,0,0,0,0,0,0,0,0,0,0,1,0,1,0,0,0,0,0,0
"2016_020","male","W",0,0,0,0,0,0,0,0,0,0,0,1,1,1,0,0,0,0,0,0
"2016_009","female","W",0,0,0,0,0,0,0,0,0,0,0,1,0,0,0,0,0,0,0,0
"2016_021","female","W",0,0,0,0,0,0,0,0,0,0,0,1,0,0,0,0,0,0,0,0
"2016_023","female","W",0,0,0,0,0,0,0,0,0,0,0,1,0,0,0,0,0,0,0,0
"2016_024","male","W",0,0,0,0,0,0,0,0,0,0,0,1,0,0,0,0,0,0,0,0
"2016_026","male","W",0,0,0,0,0,0,0,0,0,0,0,1,1,0,0,0,0,0,0,0
"2016_027","female","W",0,0,0,0,0,0,0,0,0,0,0,1,0,0,0,0,0,0,0,0
"2016_028","male","W",0,0,0,0,0,0,0,0,0,0,0,1,0,0,0,0,0,0,0,0
"2016_029","male","W",0,0,0,0,0,0,0,0,0,0,0,1,1,1,0,0,0,0,0,0
"2016_030","female","W",0,0,0,0,0,0,0,0,0,0,0,1,1,0,0,1,0,0,0,0
"2015_002","male","W",0,0,0,0,0,0,0,0,0,0,0,1,0,0,1,0,0,0,0,0
"2016_031","male","W",0,0,0,0,0,0,0,0,0,0,0,1,0,0,0,0,0,0,0,0
"2016_032","female","W",0,0,0,0,0,0,0,0,0,0,0,1,0,1,0,0,0,0,0,0
"2016_033","female","W",0,0,0,0,0,0,0,0,0,0,0,1,0,0,0,0,0,0,0,0
"2016_034","female","W",0,0,0,0,0,0,0,0,0,0,0,1,0,0,0,0,0,0,0,0
"2016_035","male","W",0,0,0,0,0,0,0,0,0,0,0,1,1,0,0,0,0,0,0,0
"2016_036","male","W",0,0,0,0,0,0,0,0,0,0,0,1,0,0,0,0,0,0,0,0
"2016_037","male","W",0,0,0,0,0,0,0,0,0,0,0,1,1,0,1,0,0,0,0,0
"2016_038","female","W",0,0,0,0,0,0,0,0,0,0,0,1,0,0,0,0,0,0,0,0
"2016_039","female","W",0,0,0,0,0,0,0,0,0,0,0,1,1,0,1,0,0,0,0,0
"2016_040","male","W",0,0,0,0,0,0,0,0,0,0,0,1,0,0,0,0,0,0,0,0
"2016_041","female","W",0,0,0,0,0,0,0,0,0,0,0,1,0,1,0,0,0,0,0,0
"2016_045","female","W",0,0,0,0,0,0,0,0,0,0,0,1,0,0,0,0,0,0,0,0
"2016_046","male","W",0,0,0,0,0,0,0,0,0,0,0,1,0,0,1,1,0,0,0,0
"2016_047","female","W",0,0,0,0,0,0,0,0,0,0,0,1,1,0,0,0,0,0,0,0
"2016_049","male","W",0,0,0,0,0,0,0,0,0,0,0,1,1,0,0,0,0,0,0,0
"2016_051","male","W",0,0,0,0,0,0,0,0,0,0,0,1,0,0,1,0,1,0,0,0
"2016_053","female","W",0,0,0,0,0,0,0,0,0,0,0,1,0,0,0,0,0,0,0,0
"2016_054","male","W",0,0,0,0,0,0,0,0,0,0,0,1,0,0,0,0,0,0,0,0
"2016_055","male","W",0,0,0,0,0,0,0,0,0,0,0,0,1,0,0,0,0,0,0,0
"2016_056","female","W",0,0,0,0,0,0,0,0,0,0,0,0,1,1,0,0,0,0,0,0
"2016_057","male","W",0,0,0,0,0,0,0,0,0,0,0,0,1,0,0,0,0,0,0,0
"2016_058","male","W",0,0,0,0,0,0,0,0,0,0,0,0,1,0,0,0,0,0,0,0
"2016_059","female","W",0,0,0,0,0,0,0,0,0,0,0,0,1,0,0,0,0,0,0,0
"2016_060","male","W",0,0,0,0,0,0,0,0,0,0,0,0,1,0,0,0,0,0,0,0
"2016_003","male","W",0,0,0,0,0,0,0,0,0,0,0,0,1,1,0,0,0,0,0,0
"2016_061","female","W",0,0,0,0,0,0,0,0,0,0,0,0,1,0,0,0,0,0,0,0
"2016_062","male","W",0,0,0,0,0,0,0,0,0,0,0,0,1,1,0,0,0,0,0,0
"2016_063","male","W",0,0,0,0,0,0,0,0,0,0,0,0,1,0,0,0,0,0,0,0
"2016_064","male","W",0,0,0,0,0,0,0,0,0,0,0,0,1,0,0,0,0,0,0,0
"2016_066","female","W",0,0,0,0,0,0,0,0,0,0,0,0,1,0,0,0,0,0,0,0
"2016_067","male","W",0,0,0,0,0,0,0,0,0,0,0,0,1,0,0,0,0,0,0,0
"2016_068","male","W",0,0,0,0,0,0,0,0,0,0,0,0,1,1,0,0,0,0,0,0
"2016_069","female","W",0,0,0,0,0,0,0,0,0,0,0,0,1,0,0,0,0,0,0,0
"2016_070","female","W",0,0,0,0,0,0,0,0,0,0,0,0,1,1,1,0,0,0,0,0
"2016_071","female","W",0,0,0,0,0,0,0,0,0,0,0,0,1,0,0,0,0,0,0,0
"2016_072","male","W",0,0,0,0,0,0,0,0,0,0,0,0,1,0,0,0,0,0,0,0
"2016_073","female","W",0,0,0,0,0,0,0,0,0,0,0,0,1,0,0,0,0,0,0,0
"2016_074","female","W",0,0,0,0,0,0,0,0,0,0,0,0,1,0,0,0,0,0,0,0
"2016_075","female","W",0,0,0,0,0,0,0,0,0,0,0,0,1,0,0,0,0,0,0,0
"2016_076","female","W",0,0,0,0,0,0,0,0,0,0,0,0,1,0,0,0,0,0,0,0
"2016_077","male","W",0,0,0,0,0,0,0,0,0,0,0,0,1,0,1,1,0,0,0,0
"2016_078","female","W",0,0,0,0,0,0,0,0,0,0,0,0,1,0,0,0,0,1,0,0
"2016_079","female","W",0,0,0,0,0,0,0,0,0,0,0,0,1,0,0,0,0,0,0,0
"2016_080","female","W",0,0,0,0,0,0,0,0,0,0,0,0,1,0,0,0,0,0,0,0
"2016_081","male","W",0,0,0,0,0,0,0,0,0,0,0,0,1,0,0,1,0,0,0,0
"2016_082","male","W",0,0,0,0,0,0,0,0,0,0,0,0,1,0,0,0,0,0,0,0
"2016_083","female","W",0,0,0,0,0,0,0,0,0,0,0,0,1,0,0,0,0,0,0,0
"2016_084","female","W",0,0,0,0,0,0,0,0,0,0,0,0,1,0,0,0,0,0,0,0
"2016_085","male","W",0,0,0,0,0,0,0,0,0,0,0,0,1,0,0,0,0,0,0,0
"2016_004","female","W",0,0,0,0,0,0,0,0,0,0,0,0,1,1,0,0,0,0,0,0
"2016_086","female","W",0,0,0,0,0,0,0,0,0,0,0,0,1,0,0,0,0,0,0,0
"2016_088","male","W",0,0,0,0,0,0,0,0,0,0,0,0,1,0,0,0,0,0,0,0
"2016_089","male","W",0,0,0,0,0,0,0,0,0,0,0,0,1,0,0,0,0,0,0,0
"2016_090","male","W",0,0,0,0,0,0,0,0,0,0,0,0,1,1,0,0,0,0,0,0
"2016_091","male","W",0,0,0,0,0,0,0,0,0,0,0,0,1,0,0,0,0,0,0,0
"2016_092","female","W",0,0,0,0,0,0,0,0,0,0,0,0,1,0,0,0,0,0,0,0
"2016_093","female","W",0,0,0,0,0,0,0,0,0,0,0,0,1,0,0,0,0,0,0,0
"2016_095","male","W",0,0,0,0,0,0,0,0,0,0,0,0,1,0,0,0,0,0,0,0
"2016_096","female","W",0,0,0,0,0,0,0,0,0,0,0,0,1,0,0,0,0,0,0,0
"2016_097","female","W",0,0,0,0,0,0,0,0,0,0,0,0,1,0,0,0,0,0,0,0
"2016_098","male","W",0,0,0,0,0,0,0,0,0,0,0,0,1,0,0,0,0,0,0,0
"2016_099","male","W",0,0,0,0,0,0,0,0,0,0,0,0,1,0,0,0,0,0,0,0
"2016_100","male","W",0,0,0,0,0,0,0,0,0,0,0,0,1,1,0,0,0,0,0,0
"2016_101","male","W",0,0,0,0,0,0,0,0,0,0,0,0,1,0,0,0,0,0,0,0
"2016_102","female","W",0,0,0,0,0,0,0,0,0,0,0,0,1,0,0,0,0,0,0,0
"2016_103","female","W",0,0,0,0,0,0,0,0,0,0,0,0,1,0,0,0,1,0,0,0
"2017_001","female","W",0,0,0,0,0,0,0,0,0,0,0,0,0,1,0,0,0,0,0,0
"2017_002","female","W",0,0,0,0,0,0,0,0,0,0,0,0,0,1,1,1,0,0,0,0
"2017_003","female","W",0,0,0,0,0,0,0,0,0,0,0,0,0,1,0,0,0,0,0,0
"2017_004","male","W",0,0,0,0,0,0,0,0,0,0,0,0,0,1,0,0,0,0,0,0
"2017_006","female","W",0,0,0,0,0,0,0,0,0,0,0,0,0,1,0,0,0,0,0,0
"2017_008","female","W",0,0,0,0,0,0,0,0,0,0,0,0,0,1,0,0,0,0,0,0
"2017_009","female","W",0,0,0,0,0,0,0,0,0,0,0,0,0,1,0,0,0,0,0,0
"2017_010","male","W",0,0,0,0,0,0,0,0,0,0,0,0,0,1,0,0,0,0,0,0
"2017_012","male","W",0,0,0,0,0,0,0,0,0,0,0,0,0,1,0,0,0,0,0,0
"2017_014","female","W",0,0,0,0,0,0,0,0,0,0,0,0,0,1,0,0,0,0,0,0
"2017_015","female","W",0,0,0,0,0,0,0,0,0,0,0,0,0,1,0,0,0,0,0,0
"2017_016","female","W",0,0,0,0,0,0,0,0,0,0,0,0,0,1,0,1,0,0,0,0
"2017_017","female","W",0,0,0,0,0,0,0,0,0,0,0,0,0,1,0,0,0,0,0,0
"2017_018","male","W",0,0,0,0,0,0,0,0,0,0,0,0,0,1,0,0,0,0,0,0
"2017_019","male","W",0,0,0,0,0,0,0,0,0,0,0,0,0,1,0,0,0,0,0,0
"2017_020","female","W",0,0,0,0,0,0,0,0,0,0,0,0,0,1,0,0,0,0,0,0
"2017_022","male","W",0,0,0,0,0,0,0,0,0,0,0,0,0,1,0,0,1,0,0,0
"2017_023","female","W",0,0,0,0,0,0,0,0,0,0,0,0,0,1,0,0,0,0,0,0
"2017_024","male","W",0,0,0,0,0,0,0,0,0,0,0,0,0,1,0,0,0,0,0,0
"2017_026","female","W",0,0,0,0,0,0,0,0,0,0,0,0,0,1,1,1,1,0,0,0
"2017_027","female","W",0,0,0,0,0,0,0,0,0,0,0,0,0,1,0,1,0,0,0,0
"2017_028","female","W",0,0,0,0,0,0,0,0,0,0,0,0,0,1,0,0,0,0,0,0
"2017_029","male","W",0,0,0,0,0,0,0,0,0,0,0,0,0,1,0,0,0,0,0,0
"2017_030","male","W",0,0,0,0,0,0,0,0,0,0,0,0,0,1,0,0,0,0,0,0
"2017_031","male","W",0,0,0,0,0,0,0,0,0,0,0,0,0,1,0,0,0,0,0,0
"2017_032","male","W",0,0,0,0,0,0,0,0,0,0,0,0,0,1,0,0,0,0,0,0
"2017_033","male","W",0,0,0,0,0,0,0,0,0,0,0,0,0,1,0,0,0,0,0,0
"2017_034","female","W",0,0,0,0,0,0,0,0,0,0,0,0,0,1,0,0,0,0,0,0
"2017_035","male","W",0,0,0,0,0,0,0,0,0,0,0,0,0,1,0,0,0,0,0,0
"2017_036","female","W",0,0,0,0,0,0,0,0,0,0,0,0,0,1,0,0,0,0,0,0
"2017_037","male","W",0,0,0,0,0,0,0,0,0,0,0,0,0,1,0,0,0,0,0,0
"2017_039","female","W",0,0,0,0,0,0,0,0,0,0,0,0,0,1,0,0,1,0,0,0
"2017_041","female","W",0,0,0,0,0,0,0,0,0,0,0,0,0,1,0,0,1,0,0,0
"2017_042","male","W",0,0,0,0,0,0,0,0,0,0,0,0,0,1,0,0,0,0,0,0
"2017_043","female","W",0,0,0,0,0,0,0,0,0,0,0,0,0,1,0,0,0,0,0,0
"2017_046","male","W",0,0,0,0,0,0,0,0,0,0,0,0,0,1,0,0,0,0,0,0
"2017_047","female","W",0,0,0,0,0,0,0,0,0,0,0,0,0,1,0,0,0,0,0,0
"2017_049","female","W",0,0,0,0,0,0,0,0,0,0,0,0,0,1,0,0,0,0,0,0
"2017_050","male","W",0,0,0,0,0,0,0,0,0,0,0,0,0,1,0,0,0,0,0,0
"2017_051","female","W",0,0,0,0,0,0,0,0,0,0,0,0,0,1,0,0,0,0,0,0
"2017_052","male","W",0,0,0,0,0,0,0,0,0,0,0,0,0,1,0,0,0,0,0,0
"2017_053","female","W",0,0,0,0,0,0,0,0,0,0,0,0,0,1,0,0,0,0,0,0
"2017_055","female","W",0,0,0,0,0,0,0,0,0,0,0,0,0,1,0,0,0,0,0,0
"2017_056","male","W",0,0,0,0,0,0,0,0,0,0,0,0,0,1,0,0,0,0,0,0
"2017_057","female","W",0,0,0,0,0,0,0,0,0,0,0,0,0,1,0,0,0,0,0,0
"2017_058","male","W",0,0,0,0,0,0,0,0,0,0,0,0,0,1,0,0,0,0,0,0
"2017_059","female","W",0,0,0,0,0,0,0,0,0,0,0,0,0,0,1,0,0,0,0,0
"2017_060","female","W",0,0,0,0,0,0,0,0,0,0,0,0,0,0,1,0,0,0,0,0
"2017_061","male","W",0,0,0,0,0,0,0,0,0,0,0,0,0,0,1,0,0,0,0,0
"2017_062","male","W",0,0,0,0,0,0,0,0,0,0,0,0,0,0,1,0,0,0,0,0
"2017_063","male","W",0,0,0,0,0,0,0,0,0,0,0,0,0,0,1,0,1,0,0,0
"2017_064","female","W",0,0,0,0,0,0,0,0,0,0,0,0,0,0,1,0,0,0,0,0
"2017_065","male","W",0,0,0,0,0,0,0,0,0,0,0,0,0,0,1,0,0,0,0,0
"2017_066","female","W",0,0,0,0,0,0,0,0,0,0,0,0,0,0,1,0,0,0,0,0
"2017_067","female","W",0,0,0,0,0,0,0,0,0,0,0,0,0,0,1,0,0,0,0,0
"2017_068","male","W",0,0,0,0,0,0,0,0,0,0,0,0,0,0,1,0,0,0,0,0
"2017_069","male","W",0,0,0,0,0,0,0,0,0,0,0,0,0,0,1,0,0,0,0,0
"2017_071","female","W",0,0,0,0,0,0,0,0,0,0,0,0,0,0,1,0,0,0,0,0
"2017_072","male","W",0,0,0,0,0,0,0,0,0,0,0,0,0,0,1,0,0,0,0,0
"2017_073","female","W",0,0,0,0,0,0,0,0,0,0,0,0,0,0,1,0,1,0,0,0
"2017_074","male","W",0,0,0,0,0,0,0,0,0,0,0,0,0,0,1,0,0,0,0,0
"2017_075","female","W",0,0,0,0,0,0,0,0,0,0,0,0,0,0,1,1,1,0,0,0
"2017_076","female","W",0,0,0,0,0,0,0,0,0,0,0,0,0,0,1,0,1,0,0,0
"2017_077","male","W",0,0,0,0,0,0,0,0,0,0,0,0,0,0,1,0,0,0,0,0
"2017_078","male","W",0,0,0,0,0,0,0,0,0,0,0,0,0,0,1,1,0,0,0,0
"2017_079","male","W",0,0,0,0,0,0,0,0,0,0,0,0,0,0,1,0,0,0,0,0
"2017_080","female","W",0,0,0,0,0,0,0,0,0,0,0,0,0,0,1,1,1,0,0,0
"2017_081","male","W",0,0,0,0,0,0,0,0,0,0,0,0,0,0,1,0,0,1,0,0
"2017_082","male","W",0,0,0,0,0,0,0,0,0,0,0,0,0,0,1,0,1,0,0,0
"2017_083","male","W",0,0,0,0,0,0,0,0,0,0,0,0,0,0,1,0,1,0,0,0
"2017_084","male","W",0,0,0,0,0,0,0,0,0,0,0,0,0,0,1,0,0,0,0,0
"2017_085","female","W",0,0,0,0,0,0,0,0,0,0,0,0,0,0,1,0,0,0,0,0
"2017_086","female","W",0,0,0,0,0,0,0,0,0,0,0,0,0,0,1,0,0,0,0,0
"2017_087","female","W",0,0,0,0,0,0,0,0,0,0,0,0,0,0,1,1,0,0,0,0
"2017_088","male","W",0,0,0,0,0,0,0,0,0,0,0,0,0,0,1,0,0,0,0,0
"2017_089","female","W",0,0,0,0,0,0,0,0,0,0,0,0,0,0,1,0,1,0,1,1
"2018_001","male","W",0,0,0,0,0,0,0,0,0,0,0,0,0,0,0,1,1,0,0,0
"2018_002","male","W",0,0,0,0,0,0,0,0,0,0,0,0,0,0,0,1,0,0,0,0
"2018_006","male","W",0,0,0,0,0,0,0,0,0,0,0,0,0,0,0,1,0,0,0,0
"2018_008","male","W",0,0,0,0,0,0,0,0,0,0,0,0,0,0,0,1,1,1,0,0
"2018_009","male","W",0,0,0,0,0,0,0,0,0,0,0,0,0,0,0,1,1,0,0,0
"2018_010","female","W",0,0,0,0,0,0,0,0,0,0,0,0,0,0,0,1,0,0,0,0
"2018_011","female","W",0,0,0,0,0,0,0,0,0,0,0,0,0,0,0,1,1,1,1,1
"2018_013","female","W",0,0,0,0,0,0,0,0,0,0,0,0,0,0,0,1,0,0,0,0
"2018_014","female","W",0,0,0,0,0,0,0,0,0,0,0,0,0,0,0,1,0,0,0,0
"2018_015","male","W",0,0,0,0,0,0,0,0,0,0,0,0,0,0,0,1,0,0,0,0
"2018_017","female","W",0,0,0,0,0,0,0,0,0,0,0,0,0,0,0,1,0,0,0,0
"2018_018","female","W",0,0,0,0,0,0,0,0,0,0,0,0,0,0,0,1,0,0,0,0
"2018_019","male","W",0,0,0,0,0,0,0,0,0,0,0,0,0,0,0,1,0,0,0,0
"2018_020","male","W",0,0,0,0,0,0,0,0,0,0,0,0,0,0,0,1,0,0,0,0
"2018_021","female","W",0,0,0,0,0,0,0,0,0,0,0,0,0,0,0,1,0,0,0,0
"2018_022","female","W",0,0,0,0,0,0,0,0,0,0,0,0,0,0,0,1,0,0,0,0
"2017_045","female","W",0,0,0,0,0,0,0,0,0,0,0,0,0,0,0,1,0,0,0,0
"2018_025","female","W",0,0,0,0,0,0,0,0,0,0,0,0,0,0,0,1,0,0,0,0
"2018_028","male","W",0,0,0,0,0,0,0,0,0,0,0,0,0,0,0,1,0,0,0,0
"2018_029","male","W",0,0,0,0,0,0,0,0,0,0,0,0,0,0,0,1,1,0,0,0
"2018_030","male","W",0,0,0,0,0,0,0,0,0,0,0,0,0,0,0,1,1,1,0,0
"2018_031","male","W",0,0,0,0,0,0,0,0,0,0,0,0,0,0,0,1,0,0,0,0
"2018_032","male","W",0,0,0,0,0,0,0,0,0,0,0,0,0,0,0,1,1,0,0,0
"2018_033","male","W",0,0,0,0,0,0,0,0,0,0,0,0,0,0,0,1,0,0,0,0
"2018_034","male","W",0,0,0,0,0,0,0,0,0,0,0,0,0,0,0,1,0,0,0,0
"2018_035","female","W",0,0,0,0,0,0,0,0,0,0,0,0,0,0,0,1,0,0,0,0
"2018_036","male","W",0,0,0,0,0,0,0,0,0,0,0,0,0,0,0,1,0,0,0,0
"2018_037","male","W",0,0,0,0,0,0,0,0,0,0,0,0,0,0,0,1,0,0,0,0
"2018_038","male","W",0,0,0,0,0,0,0,0,0,0,0,0,0,0,0,1,0,0,0,0
"2018_039","male","W",0,0,0,0,0,0,0,0,0,0,0,0,0,0,0,1,0,0,0,0
"2018_040","female","W",0,0,0,0,0,0,0,0,0,0,0,0,0,0,0,1,0,0,0,0
"2018_041","male","W",0,0,0,0,0,0,0,0,0,0,0,0,0,0,0,1,1,0,0,0
"2018_045","male","W",0,0,0,0,0,0,0,0,0,0,0,0,0,0,0,1,0,1,0,0
"2018_047","male","W",0,0,0,0,0,0,0,0,0,0,0,0,0,0,0,1,0,0,0,1
"2018_048","male","W",0,0,0,0,0,0,0,0,0,0,0,0,0,0,0,1,0,0,0,0
"2018_049","female","W",0,0,0,0,0,0,0,0,0,0,0,0,0,0,0,1,0,0,0,0
"2018_050","male","W",0,0,0,0,0,0,0,0,0,0,0,0,0,0,0,1,0,0,0,0
"2018_051","female","W",0,0,0,0,0,0,0,0,0,0,0,0,0,0,0,1,0,0,0,0
"2018_053","male","W",0,0,0,0,0,0,0,0,0,0,0,0,0,0,0,0,1,0,0,1
"2018_054","male","W",0,0,0,0,0,0,0,0,0,0,0,0,0,0,0,0,1,0,1,1
"2018_055","female","W",0,0,0,0,0,0,0,0,0,0,0,0,0,0,0,0,1,0,0,0
"2018_023","female","W",0,0,0,0,0,0,0,0,0,0,0,0,0,0,0,0,1,0,0,0
"2018_056","male","W",0,0,0,0,0,0,0,0,0,0,0,0,0,0,0,0,1,0,0,0
"2018_057","female","W",0,0,0,0,0,0,0,0,0,0,0,0,0,0,0,0,1,0,0,0
"2018_058","female","W",0,0,0,0,0,0,0,0,0,0,0,0,0,0,0,0,1,0,0,0
"2018_059","male","W",0,0,0,0,0,0,0,0,0,0,0,0,0,0,0,0,1,0,0,0
"2018_060","female","W",0,0,0,0,0,0,0,0,0,0,0,0,0,0,0,0,1,0,0,0
"2018_061","female","W",0,0,0,0,0,0,0,0,0,0,0,0,0,0,0,0,1,1,1,0
"2018_062","male","W",0,0,0,0,0,0,0,0,0,0,0,0,0,0,0,0,1,0,0,0
"2018_063","female","W",0,0,0,0,0,0,0,0,0,0,0,0,0,0,0,0,1,0,0,0
"2018_064","male","W",0,0,0,0,0,0,0,0,0,0,0,0,0,0,0,0,1,0,0,0
"2018_065","female","W",0,0,0,0,0,0,0,0,0,0,0,0,0,0,0,0,1,0,0,0
"2018_066","male","W",0,0,0,0,0,0,0,0,0,0,0,0,0,0,0,0,1,0,1,0
"2018_067","male","W",0,0,0,0,0,0,0,0,0,0,0,0,0,0,0,0,1,0,1,0
"2018_068","female","W",0,0,0,0,0,0,0,0,0,0,0,0,0,0,0,0,1,0,0,0
"2018_069","female","W",0,0,0,0,0,0,0,0,0,0,0,0,0,0,0,0,1,0,0,0
"2018_070","female","W",0,0,0,0,0,0,0,0,0,0,0,0,0,0,0,0,1,0,1,0
"2018_071","female","W",0,0,0,0,0,0,0,0,0,0,0,0,0,0,0,0,1,0,0,0
"2018_072","female","W",0,0,0,0,0,0,0,0,0,0,0,0,0,0,0,0,1,0,0,0
"2018_074","male","W",0,0,0,0,0,0,0,0,0,0,0,0,0,0,0,0,1,0,0,0
"2018_044","male","W",0,0,0,0,0,0,0,0,0,0,0,0,0,0,0,0,1,0,1,1
"2018_075","female","W",0,0,0,0,0,0,0,0,0,0,0,0,0,0,0,0,1,1,0,0
"2018_077","female","W",0,0,0,0,0,0,0,0,0,0,0,0,0,0,0,0,1,0,1,0
"2018_078","male","W",0,0,0,0,0,0,0,0,0,0,0,0,0,0,0,0,1,0,0,0
"2018_079","male","W",0,0,0,0,0,0,0,0,0,0,0,0,0,0,0,0,1,0,0,0
"2018_081","female","W",0,0,0,0,0,0,0,0,0,0,0,0,0,0,0,0,1,0,0,0
"2018_082","female","W",0,0,0,0,0,0,0,0,0,0,0,0,0,0,0,0,1,0,0,1
"2018_016","female","W",0,0,0,0,0,0,0,0,0,0,0,0,0,0,0,0,1,0,0,0
"2018_084","male","W",0,0,0,0,0,0,0,0,0,0,0,0,0,0,0,0,1,0,1,0
"2018_085","female","W",0,0,0,0,0,0,0,0,0,0,0,0,0,0,0,0,1,0,0,0
"2018_086","female","W",0,0,0,0,0,0,0,0,0,0,0,0,0,0,0,0,1,0,0,0
"2018_087","female","W",0,0,0,0,0,0,0,0,0,0,0,0,0,0,0,0,1,0,0,0
"2018_088","female","W",0,0,0,0,0,0,0,0,0,0,0,0,0,0,0,0,1,0,0,0
"2018_089","male","W",0,0,0,0,0,0,0,0,0,0,0,0,0,0,0,0,1,0,0,0
"2018_090","female","W",0,0,0,0,0,0,0,0,0,0,0,0,0,0,0,0,1,0,0,0
"2018_091","male","W",0,0,0,0,0,0,0,0,0,0,0,0,0,0,0,0,1,0,0,0
"2018_092","female","W",0,0,0,0,0,0,0,0,0,0,0,0,0,0,0,0,1,0,0,0
"2018_093","male","W",0,0,0,0,0,0,0,0,0,0,0,0,0,0,0,0,1,0,1,0
"2018_094","female","W",0,0,0,0,0,0,0,0,0,0,0,0,0,0,0,0,1,0,0,0
"2018_095","male","W",0,0,0,0,0,0,0,0,0,0,0,0,0,0,0,0,1,0,0,0
"2018_097","male","W",0,0,0,0,0,0,0,0,0,0,0,0,0,0,0,0,1,0,0,0
"2018_098","female","W",0,0,0,0,0,0,0,0,0,0,0,0,0,0,0,0,1,0,0,0
"2018_099","male","W",0,0,0,0,0,0,0,0,0,0,0,0,0,0,0,0,1,0,0,0
"2018_100","male","W",0,0,0,0,0,0,0,0,0,0,0,0,0,0,0,0,1,0,1,0
"2018_101","female","W",0,0,0,0,0,0,0,0,0,0,0,0,0,0,0,0,1,0,0,0
"2018_102","male","W",0,0,0,0,0,0,0,0,0,0,0,0,0,0,0,0,1,0,0,0
"2018_103","male","W",0,0,0,0,0,0,0,0,0,0,0,0,0,0,0,0,1,0,0,0
"2018_104","male","W",0,0,0,0,0,0,0,0,0,0,0,0,0,0,0,0,1,0,0,0
"2018_105","female","W",0,0,0,0,0,0,0,0,0,0,0,0,0,0,0,0,1,0,0,0
"2018_106","female","W",0,0,0,0,0,0,0,0,0,0,0,0,0,0,0,0,1,0,0,0
"2018_107","male","W",0,0,0,0,0,0,0,0,0,0,0,0,0,0,0,0,1,0,0,0
"2018_108","female","W",0,0,0,0,0,0,0,0,0,0,0,0,0,0,0,0,1,0,0,0
"2018_109","male","W",0,0,0,0,0,0,0,0,0,0,0,0,0,0,0,0,1,0,0,0
"2018_110","male","W",0,0,0,0,0,0,0,0,0,0,0,0,0,0,0,0,1,0,0,0
"2018_111","female","W",0,0,0,0,0,0,0,0,0,0,0,0,0,0,0,0,1,1,0,0
"2018_113","male","W",0,0,0,0,0,0,0,0,0,0,0,0,0,0,0,0,1,0,0,0
"2018_114","male","W",0,0,0,0,0,0,0,0,0,0,0,0,0,0,0,0,1,0,0,0
"2018_115","female","W",0,0,0,0,0,0,0,0,0,0,0,0,0,0,0,0,1,0,0,0
"2018_116","female","W",0,0,0,0,0,0,0,0,0,0,0,0,0,0,0,0,1,0,0,0
"2018_117","male","W",0,0,0,0,0,0,0,0,0,0,0,0,0,0,0,0,1,0,0,0
"2018_118","male","W",0,0,0,0,0,0,0,0,0,0,0,0,0,0,0,0,1,1,0,0
"2018_119","male","W",0,0,0,0,0,0,0,0,0,0,0,0,0,0,0,0,1,1,0,0
"2018_120","male","W",0,0,0,0,0,0,0,0,0,0,0,0,0,0,0,0,1,0,0,0
"2018_121","female","W",0,0,0,0,0,0,0,0,0,0,0,0,0,0,0,0,1,0,0,0
"2018_122","male","W",0,0,0,0,0,0,0,0,0,0,0,0,0,0,0,0,1,0,0,0
"2018_123","male","W",0,0,0,0,0,0,0,0,0,0,0,0,0,0,0,0,1,0,0,0
"2018_124","male","W",0,0,0,0,0,0,0,0,0,0,0,0,0,0,0,0,1,0,0,0
"2018_125","male","W",0,0,0,0,0,0,0,0,0,0,0,0,0,0,0,0,1,0,0,1
"2018_126","female","W",0,0,0,0,0,0,0,0,0,0,0,0,0,0,0,0,1,0,0,0
"2019_015","male","W",0,0,0,0,0,0,0,0,0,0,0,0,0,0,0,0,0,1,0,0
"2019_010","male","W",0,0,0,0,0,0,0,0,0,0,0,0,0,0,0,0,0,1,0,0
"2019_009","male","W",0,0,0,0,0,0,0,0,0,0,0,0,0,0,0,0,0,1,0,0
"2019_012","female","W",0,0,0,0,0,0,0,0,0,0,0,0,0,0,0,0,0,1,1,0
"2019_013","female","W",0,0,0,0,0,0,0,0,0,0,0,0,0,0,0,0,0,1,0,0
"2019_014","male","W",0,0,0,0,0,0,0,0,0,0,0,0,0,0,0,0,0,1,1,0
"2019_011","female","W",0,0,0,0,0,0,0,0,0,0,0,0,0,0,0,0,0,1,0,0
"2019_008","male","W",0,0,0,0,0,0,0,0,0,0,0,0,0,0,0,0,0,1,0,0
"2019_001","male","W",0,0,0,0,0,0,0,0,0,0,0,0,0,0,0,0,0,1,0,0
"2019_007","male","W",0,0,0,0,0,0,0,0,0,0,0,0,0,0,0,0,0,1,0,0
"2019_005","female","W",0,0,0,0,0,0,0,0,0,0,0,0,0,0,0,0,0,1,0,0
"2019_004","male","W",0,0,0,0,0,0,0,0,0,0,0,0,0,0,0,0,0,1,0,0
"2019_003","female","W",0,0,0,0,0,0,0,0,0,0,0,0,0,0,0,0,0,1,0,0
"2019_002","male","W",0,0,0,0,0,0,0,0,0,0,0,0,0,0,0,0,0,1,0,0
"2019_018","female","W",0,0,0,0,0,0,0,0,0,0,0,0,0,0,0,0,0,1,0,0
"2019_019","male","W",0,0,0,0,0,0,0,0,0,0,0,0,0,0,0,0,0,1,0,0
"2019_020","female","W",0,0,0,0,0,0,0,0,0,0,0,0,0,0,0,0,0,1,0,0
"2019_021","female","W",0,0,0,0,0,0,0,0,0,0,0,0,0,0,0,0,0,1,0,0
"2019_023","female","W",0,0,0,0,0,0,0,0,0,0,0,0,0,0,0,0,0,1,0,0
"2019_016","female","W",0,0,0,0,0,0,0,0,0,0,0,0,0,0,0,0,0,1,0,0
"2019_028","female","W",0,0,0,0,0,0,0,0,0,0,0,0,0,0,0,0,0,1,0,0
"2019_027","female","W",0,0,0,0,0,0,0,0,0,0,0,0,0,0,0,0,0,1,0,0
"2019_026","female","W",0,0,0,0,0,0,0,0,0,0,0,0,0,0,0,0,0,1,0,0
"2019_025","female","W",0,0,0,0,0,0,0,0,0,0,0,0,0,0,0,0,0,1,0,0
"2019_022","male","W",0,0,0,0,0,0,0,0,0,0,0,0,0,0,0,0,0,1,0,0
"2019_024","male","W",0,0,0,0,0,0,0,0,0,0,0,0,0,0,0,0,0,1,0,0
"2019_030","male","W",0,0,0,0,0,0,0,0,0,0,0,0,0,0,0,0,0,1,0,0
"2019_034","female","W",0,0,0,0,0,0,0,0,0,0,0,0,0,0,0,0,0,1,0,0
"2019_033","female","W",0,0,0,0,0,0,0,0,0,0,0,0,0,0,0,0,0,1,0,0
"2019_032","male","W",0,0,0,0,0,0,0,0,0,0,0,0,0,0,0,0,0,1,0,0
"2019_031","male","W",0,0,0,0,0,0,0,0,0,0,0,0,0,0,0,0,0,1,0,0
"2021_001","female","W",0,0,0,0,0,0,0,0,0,0,0,0,0,0,0,0,0,0,1,0
"2021_003","female","W",0,0,0,0,0,0,0,0,0,0,0,0,0,0,0,0,0,0,1,0
"2021_004","female","W",0,0,0,0,0,0,0,0,0,0,0,0,0,0,0,0,0,0,1,0
"2021_008","female","W",0,0,0,0,0,0,0,0,0,0,0,0,0,0,0,0,0,0,1,0
"2021_009","male","W",0,0,0,0,0,0,0,0,0,0,0,0,0,0,0,0,0,0,1,0
"2021_011","female","W",0,0,0,0,0,0,0,0,0,0,0,0,0,0,0,0,0,0,1,0
"2021_013","female","W",0,0,0,0,0,0,0,0,0,0,0,0,0,0,0,0,0,0,1,0
"2021_014","female","W",0,0,0,0,0,0,0,0,0,0,0,0,0,0,0,0,0,0,1,0
"2021_015","female","W",0,0,0,0,0,0,0,0,0,0,0,0,0,0,0,0,0,0,1,0
"2021_016","male","W",0,0,0,0,0,0,0,0,0,0,0,0,0,0,0,0,0,0,1,0
"2021_019","female","W",0,0,0,0,0,0,0,0,0,0,0,0,0,0,0,0,0,0,1,0
"2021_020","female","W",0,0,0,0,0,0,0,0,0,0,0,0,0,0,0,0,0,0,1,0
"2021_021","male","W",0,0,0,0,0,0,0,0,0,0,0,0,0,0,0,0,0,0,1,0
"2021_030","female","W",0,0,0,0,0,0,0,0,0,0,0,0,0,0,0,0,0,0,1,1
"2021_022","female","W",0,0,0,0,0,0,0,0,0,0,0,0,0,0,0,0,0,0,1,0
"2021_023","male","W",0,0,0,0,0,0,0,0,0,0,0,0,0,0,0,0,0,0,1,0
"2021_024","female","W",0,0,0,0,0,0,0,0,0,0,0,0,0,0,0,0,0,0,1,0
"2019_029","male","W",0,0,0,0,0,0,0,0,0,0,0,0,0,0,0,0,0,0,1,0
"2021_026","female","W",0,0,0,0,0,0,0,0,0,0,0,0,0,0,0,0,0,0,1,0
"2021_028","female","W",0,0,0,0,0,0,0,0,0,0,0,0,0,0,0,0,0,0,1,0
"2021_029","female","W",0,0,0,0,0,0,0,0,0,0,0,0,0,0,0,0,0,0,1,0
"2021_031","male","W",0,0,0,0,0,0,0,0,0,0,0,0,0,0,0,0,0,0,1,0
"2021_033","female","W",0,0,0,0,0,0,0,0,0,0,0,0,0,0,0,0,0,0,1,1
"2021_034","female","W",0,0,0,0,0,0,0,0,0,0,0,0,0,0,0,0,0,0,1,0
"2021_035","male","W",0,0,0,0,0,0,0,0,0,0,0,0,0,0,0,0,0,0,1,0
"2021_038","female","W",0,0,0,0,0,0,0,0,0,0,0,0,0,0,0,0,0,0,1,0
"2021_039","male","W",0,0,0,0,0,0,0,0,0,0,0,0,0,0,0,0,0,0,1,0
"2021_049","female","W",0,0,0,0,0,0,0,0,0,0,0,0,0,0,0,0,0,0,1,0
"2021_042","male","W",0,0,0,0,0,0,0,0,0,0,0,0,0,0,0,0,0,0,1,0
"2021_043","female","W",0,0,0,0,0,0,0,0,0,0,0,0,0,0,0,0,0,0,1,0
"2021_044","male","W",0,0,0,0,0,0,0,0,0,0,0,0,0,0,0,0,0,0,1,0
"2021_045","female","W",0,0,0,0,0,0,0,0,0,0,0,0,0,0,0,0,0,0,1,0
"2021_046","female","W",0,0,0,0,0,0,0,0,0,0,0,0,0,0,0,0,0,0,1,0
"2021_047","male","W",0,0,0,0,0,0,0,0,0,0,0,0,0,0,0,0,0,0,1,0
"2021_048","female","W",0,0,0,0,0,0,0,0,0,0,0,0,0,0,0,0,0,0,1,0
"2021_050","male","W",0,0,0,0,0,0,0,0,0,0,0,0,0,0,0,0,0,0,1,0
"2021_051","female","W",0,0,0,0,0,0,0,0,0,0,0,0,0,0,0,0,0,0,1,0
"2021_052","male","W",0,0,0,0,0,0,0,0,0,0,0,0,0,0,0,0,0,0,1,1
"2021_054","male","W",0,0,0,0,0,0,0,0,0,0,0,0,0,0,0,0,0,0,1,0
"2021_055","female","W",0,0,0,0,0,0,0,0,0,0,0,0,0,0,0,0,0,0,1,0
"2021_056","male","W",0,0,0,0,0,0,0,0,0,0,0,0,0,0,0,0,0,0,1,0
"2021_057","female","W",0,0,0,0,0,0,0,0,0,0,0,0,0,0,0,0,0,0,1,1
"2021_058","female","W",0,0,0,0,0,0,0,0,0,0,0,0,0,0,0,0,0,0,1,0
"2021_059","male","W",0,0,0,0,0,0,0,0,0,0,0,0,0,0,0,0,0,0,1,0
"2021_060","male","W",0,0,0,0,0,0,0,0,0,0,0,0,0,0,0,0,0,0,1,0
"2021_061","male","W",0,0,0,0,0,0,0,0,0,0,0,0,0,0,0,0,0,0,1,0
"2021_062","female","W",0,0,0,0,0,0,0,0,0,0,0,0,0,0,0,0,0,0,1,1
"2021_063","male","W",0,0,0,0,0,0,0,0,0,0,0,0,0,0,0,0,0,0,1,0
"2021_064","female","W",0,0,0,0,0,0,0,0,0,0,0,0,0,0,0,0,0,0,1,0
"2021_065","female","W",0,0,0,0,0,0,0,0,0,0,0,0,0,0,0,0,0,0,1,0
"2021_066","female","W",0,0,0,0,0,0,0,0,0,0,0,0,0,0,0,0,0,0,1,0
"2021_068","female","W",0,0,0,0,0,0,0,0,0,0,0,0,0,0,0,0,0,0,1,0
"2021_069","male","W",0,0,0,0,0,0,0,0,0,0,0,0,0,0,0,0,0,0,1,0
"2021_070","male","W",0,0,0,0,0,0,0,0,0,0,0,0,0,0,0,0,0,0,1,0
"2021_071","female","W",0,0,0,0,0,0,0,0,0,0,0,0,0,0,0,0,0,0,1,0
"2018_096","female","W",0,0,0,0,0,0,0,0,0,0,0,0,0,0,0,0,0,0,1,0
"2021_073","male","W",0,0,0,0,0,0,0,0,0,0,0,0,0,0,0,0,0,0,1,0
"2021_074","female","W",0,0,0,0,0,0,0,0,0,0,0,0,0,0,0,0,0,0,1,0
"2021_075","male","W",0,0,0,0,0,0,0,0,0,0,0,0,0,0,0,0,0,0,1,0
"2021_076","male","W",0,0,0,0,0,0,0,0,0,0,0,0,0,0,0,0,0,0,1,0
"2021_077","female","W",0,0,0,0,0,0,0,0,0,0,0,0,0,0,0,0,0,0,1,0
"2021_078","male","W",0,0,0,0,0,0,0,0,0,0,0,0,0,0,0,0,0,0,1,0
"2021_079","male","W",0,0,0,0,0,0,0,0,0,0,0,0,0,0,0,0,0,0,1,0
"2021_080","male","W",0,0,0,0,0,0,0,0,0,0,0,0,0,0,0,0,0,0,1,0
"2021_081","female","W",0,0,0,0,0,0,0,0,0,0,0,0,0,0,0,0,0,0,1,0
"2021_082","female","W",0,0,0,0,0,0,0,0,0,0,0,0,0,0,0,0,0,0,1,0
"2021_083","male","W",0,0,0,0,0,0,0,0,0,0,0,0,0,0,0,0,0,0,1,0
"2021_084","female","W",0,0,0,0,0,0,0,0,0,0,0,0,0,0,0,0,0,0,1,0
"2021_085","male","W",0,0,0,0,0,0,0,0,0,0,0,0,0,0,0,0,0,0,1,0
"2021_086","male","W",0,0,0,0,0,0,0,0,0,0,0,0,0,0,0,0,0,0,0,1
"2021_087","male","W",0,0,0,0,0,0,0,0,0,0,0,0,0,0,0,0,0,0,0,1
"2021_089","male","W",0,0,0,0,0,0,0,0,0,0,0,0,0,0,0,0,0,0,0,1
"2021_090","male","W",0,0,0,0,0,0,0,0,0,0,0,0,0,0,0,0,0,0,0,1
"2021_091","male","W",0,0,0,0,0,0,0,0,0,0,0,0,0,0,0,0,0,0,0,1
"2021_092","male","W",0,0,0,0,0,0,0,0,0,0,0,0,0,0,0,0,0,0,0,1
"2021_093","female","W",0,0,0,0,0,0,0,0,0,0,0,0,0,0,0,0,0,0,0,1
"2021_094","female","W",0,0,0,0,0,0,0,0,0,0,0,0,0,0,0,0,0,0,0,1
"2021_095","male","W",0,0,0,0,0,0,0,0,0,0,0,0,0,0,0,0,0,0,0,1
"2021_096","female","W",0,0,0,0,0,0,0,0,0,0,0,0,0,0,0,0,0,0,0,1
"2021_097","female","W",0,0,0,0,0,0,0,0,0,0,0,0,0,0,0,0,0,0,0,1
"2021_098","male","W",0,0,0,0,0,0,0,0,0,0,0,0,0,0,0,0,0,0,0,1
"2021_099","female","W",0,0,0,0,0,0,0,0,0,0,0,0,0,0,0,0,0,0,0,1
"2021_100","male","W",0,0,0,0,0,0,0,0,0,0,0,0,0,0,0,0,0,0,0,1
"2021_101","female","W",0,0,0,0,0,0,0,0,0,0,0,0,0,0,0,0,0,0,0,1
"2021_102","female","W",0,0,0,0,0,0,0,0,0,0,0,0,0,0,0,0,0,0,0,1
"2021_103","male","W",0,0,0,0,0,0,0,0,0,0,0,0,0,0,0,0,0,0,0,1
"2021_104","female","W",0,0,0,0,0,0,0,0,0,0,0,0,0,0,0,0,0,0,0,1
"2021_105","female","W",0,0,0,0,0,0,0,0,0,0,0,0,0,0,0,0,0,0,0,1
"2021_106","male","W",0,0,0,0,0,0,0,0,0,0,0,0,0,0,0,0,0,0,0,1
"2021_107","male","W",0,0,0,0,0,0,0,0,0,0,0,0,0,0,0,0,0,0,0,1
"2021_108","female","W",0,0,0,0,0,0,0,0,0,0,0,0,0,0,0,0,0,0,0,1
"2021_109","female","W",0,0,0,0,0,0,0,0,0,0,0,0,0,0,0,0,0,0,0,1
"2021_110","female","W",0,0,0,0,0,0,0,0,0,0,0,0,0,0,0,0,0,0,0,1
"2021_111","male","W",0,0,0,0,0,0,0,0,0,0,0,0,0,0,0,0,0,0,0,1
"2021_112","male","W",0,0,0,0,0,0,0,0,0,0,0,0,0,0,0,0,0,0,0,1
"2021_114","male","W",0,0,0,0,0,0,0,0,0,0,0,0,0,0,0,0,0,0,0,1
"2021_113","female","W",0,0,0,0,0,0,0,0,0,0,0,0,0,0,0,0,0,0,0,1
"2021_116","male","W",0,0,0,0,0,0,0,0,0,0,0,0,0,0,0,0,0,0,0,1
"2021_117","male","W",0,0,0,0,0,0,0,0,0,0,0,0,0,0,0,0,0,0,0,1
"2021_118","male","W",0,0,0,0,0,0,0,0,0,0,0,0,0,0,0,0,0,0,0,1
"2021_119","male","W",0,0,0,0,0,0,0,0,0,0,0,0,0,0,0,0,0,0,0,1
"2021_120","male","W",0,0,0,0,0,0,0,0,0,0,0,0,0,0,0,0,0,0,0,1
"2021_121","male","W",0,0,0,0,0,0,0,0,0,0,0,0,0,0,0,0,0,0,0,1
"2021_122","male","W",0,0,0,0,0,0,0,0,0,0,0,0,0,0,0,0,0,0,0,1
"2021_124","male","W",0,0,0,0,0,0,0,0,0,0,0,0,0,0,0,0,0,0,0,1
"2021_125","female","W",0,0,0,0,0,0,0,0,0,0,0,0,0,0,0,0,0,0,0,1
"2021_126","male","W",0,0,0,0,0,0,0,0,0,0,0,0,0,0,0,0,0,0,0,1
"2021_127","male","W",0,0,0,0,0,0,0,0,0,0,0,0,0,0,0,0,0,0,0,1
"2021_128","female","W",0,0,0,0,0,0,0,0,0,0,0,0,0,0,0,0,0,0,0,1
"2021_129","female","W",0,0,0,0,0,0,0,0,0,0,0,0,0,0,0,0,0,0,0,1
"2021_130","female","W",0,0,0,0,0,0,0,0,0,0,0,0,0,0,0,0,0,0,0,1
"2021_131","male","W",0,0,0,0,0,0,0,0,0,0,0,0,0,0,0,0,0,0,0,1
"2021_132","female","W",0,0,0,0,0,0,0,0,0,0,0,0,0,0,0,0,0,0,0,1
"2021_133","female","W",0,0,0,0,0,0,0,0,0,0,0,0,0,0,0,0,0,0,0,1
"2021_134","male","W",0,0,0,0,0,0,0,0,0,0,0,0,0,0,0,0,0,0,0,1
"2021_135","male","W",0,0,0,0,0,0,0,0,0,0,0,0,0,0,0,0,0,0,0,1
"2021_136","female","W",0,0,0,0,0,0,0,0,0,0,0,0,0,0,0,0,0,0,0,1
"2021_137","male","W",0,0,0,0,0,0,0,0,0,0,0,0,0,0,0,0,0,0,0,1
"2021_138","male","W",0,0,0,0,0,0,0,0,0,0,0,0,0,0,0,0,0,0,0,1
"2021_139","male","W",0,0,0,0,0,0,0,0,0,0,0,0,0,0,0,0,0,0,0,1
"2021_140","female","W",0,0,0,0,0,0,0,0,0,0,0,0,0,0,0,0,0,0,0,1
"2021_141","male","W",0,0,0,0,0,0,0,0,0,0,0,0,0,0,0,0,0,0,0,1
"2021_143","female","W",0,0,0,0,0,0,0,0,0,0,0,0,0,0,0,0,0,0,0,1
"2021_144","female","W",0,0,0,0,0,0,0,0,0,0,0,0,0,0,0,0,0,0,0,1
"2021_145","female","W",0,0,0,0,0,0,0,0,0,0,0,0,0,0,0,0,0,0,0,1
"2021_146","female","W",0,0,0,0,0,0,0,0,0,0,0,0,0,0,0,0,0,0,0,1
